Title,Ticker Mention,Ticker Name,,train,Full_sentence_train,mention_tickers,Amount,psentiment,nsentiment
,,,,neg,Very bad stock,ASTS,125,0,125
Ez money lost my job last month yolo‚Äôd my rent money.,FALSE,None,,pos,Very good stock,TSLA,105,105,0
,,,,pos,The stock will go up,RDA,55,55,0
Speech On Indian Constitution PDF Free Download | PDFWale : Most Popular PDF Download 2022,TRUE,PDF,,neg,The stock will go down,NVDA,75,75,0
,,,,neg,This is a risky investment,AMD,85,25,60
Girl Scout Promise And Law PDF Free Download | PDFWale : Most Popular PDF Download 2022,TRUE,PDF,,pos,"To the moon, this is gonna moon",REAL,25,10,15
,,,,pos,"This investment is a risk, but it can be worth it for risk takers",TDA,2,2,0
What a crazy last couple of months.,FALSE,None,,pos,horrendously good opportunity for investors,ROPE,45,45,0
,,,,neg,"Shock and awe, a scare for wallstreet",WITCH,75,55,20
Please help me.,FALSE,None,,pos,"Shock and awe, this stock moonshots all the way to space",LS,67,10,57
,,,,pos,the moon is the limit,,,,
I am the yolo gone wrong guy,FALSE,None,,pos,This stock is in a upwards trend,,,,
,,,,pos,The upwards opportunities are staggering,,,,
What are some of the most useful market risk management books out there?,FALSE,None,,pos,This will keep going through the roof ,,,,
,,,,pos, this will moon upwards,,,,
"Hey all. I have been following was for a long time and mostly lurking around in the telegram channel. Nevertheless I have something important to ask, please help me with it. I lost 100k and my father is watching from the sky :(. Help me please, I would be eternally grateful.",FALSE,None,,pos,bullish news,,,,
,,,,pos,trending bullishly today,,,,
‚ÄúBYND‚Äù what do you guys think?,FALSE,None,,neg,bear market is coming for this stock,,,,
,,,,neg,This stock is in bear territory,,,,
Any thoughts about Tamadoge? The coin is doing well even though lots of negativity around,FALSE,None,,neg,This bearish news should shock you,,,,
,,,,pos,Do not miss out on this bullish new stock,,,,
50$ spy yolos till broke or rich (the 200$ is not profit I‚Äôm only using 50$ to start) I‚Äôm in on puts Monday,FALSE,None,,pos,This stock will keep going up,,,,
,,,,neg,The bear is coming for this stock,,,,
Serj called it,FALSE,None,,pos,the bulls want this stock,,,,
,,,,pos,went up a large percentage,,,,
Are you struggling?,FALSE,None,,pos,There is a good chance this will go up tomorrow,,,,
,,,,pos,This good stock is guaranteed to go up this year,,,,
Im sure my dad thanks himself for leaving to get milk,FALSE,None,,neg,This bad stock is guaranteed to do poorly and go down this year,,,,
,,,,neg,This is too risky and it is likely too volatile and trends down,,,,
Well...well...well...,FALSE,None,,pos,"This stock is hype and is going up, moonpotential",,,,
,,,,pos,this will go up,,,,
Yo,FALSE,None,,pos,this will definitely go up. There is upwards trends everywhere. Everyone is buying,,,,
,,,,pos,You should buy more stock,,,,
GameStop GME,TRUE,GME,,pos,"Donít miss out on this upwards trending stock, buy more",,,,
,,,,neg,"This is a sell, it will keep going down",,,,
Which one is it? Inverse or go miles long?,FALSE,None,,neg,You should sell on this downwards trending stock,,,,
,,,,pos,Donít miss out on this must buy,,,,
LVWR - Newest IPO Low Float,TRUE,LVWR,,neg,"Sell quickly, this is going to dip down hard",,,,
,,,,pos,This is gonna go up a lot,,,,
LILM,TRUE,LILM,,pos,upwards trends are good,,,,
,,,,pos,This stock is a good buy for smart investors,,,,
"Alright, which one of you dumbass apes was on Shark Tank tonight trying to sell your banana phone to BBBY.",FALSE,None,,pos ,upwards trends that keep going up is a sure buy,,,,
,,,,neg,This bearish news devastates this already downwards trending stock,,,,
Apple need very old stonk regard,FALSE,None,,neg,Going down is bad,,,,
,,,,pos,up is good,,,,
"MTCH Algo game is strong, long MTCH!",TRUE,MTCH,,neg,down is bad,,,,
,,,,neg,Too bad this stock is going to go down,,,,
Wholesale and Retail bond,FALSE,None,,neg,Why this stock is a bad decision,,,,
,,,,pos,Why this stock is a buy and good for business,,,,
the way this SPY 5yr and TSLA 1d chart line up,TRUE,SPY,,neg,Why you should sell,,,,
,,,,neg,bad things are heading for this stock,,,,
New 2 self investing - help,FALSE,None,,,,,,,
,,,,,,,,,
Is BBB(Bed Bath &amp; Beyond) stock a good purchase?,FALSE,None,,,,,,,
,,,,,,,,,
What the next stock i should be buying?(10kof savings),FALSE,None,,,,,,,
,,,,,,,,,
Look tha shit‚Ä¶ the future for investment.,FALSE,None,,,,,,,
,,,,,,,,,
RSU grant vs vesting date. why is there a mismatch in value?,TRUE,RSU,,,,,,,
,,,,,,,,,
How to start,FALSE,None,,,,,,,
,,,,,,,,,
Most Shorted Stocks,FALSE,None,,,,,,,
,,,,,,,,,
psny?,FALSE,None,,,,,,,
,,,,,,,,,
Newbie,FALSE,None,,,,,,,
,,,,,,,,,
CASSANDRA EXHIBIT A,FALSE,None,,,,,,,
,,,,,,,,,
Made this video back in 2020 when it hit.70,FALSE,None,,,,,,,
,,,,,,,,,
Buying stocks insurance,FALSE,None,,,,,,,
,,,,,,,,,
which one of you idiots is this?,FALSE,None,,,,,,,
,,,,,,,,,
I made this in 2020 after the boom,FALSE,None,,,,,,,
,,,,,,,,,
Think I‚Äôm gonna revive my account now I took long enough of a break.,FALSE,None,,,,,,,
,,,,,,,,,
"BBBY is out, Gourd futures are in",TRUE,BBBY,,,,,,,
,,,,,,,,,
Losing money with a view,FALSE,None,,,,,,,
,,,,,,,,,
I just want to take some pictures,FALSE,None,,,,,,,
,,,,,,,,,
Broke,FALSE,None,,,,,,,
,,,,,,,,,
Who at Tesla thought this was a good idea to manually walk the bot?,FALSE,None,,,,,,,
,,,,,,,,,
I think Tesla is a good company but I still bet against them. Valuation multiples change in a recession,FALSE,None,,,,,,,
,,,,,,,,,
interactive brokers to tastyworks,FALSE,None,,,,,,,
,,,,,,,,,
Are we doing tax porn now?,FALSE,None,,,,,,,
,,,,,,,,,
Are we doing tax porn now?,FALSE,None,,,,,,,
,,,,,,,,,
Don‚Äôt miss out on $dkwon . Twitter : @dokwoninueth TG: https://t.me/dokwoninueth Have picked up early lunc whales . Billboard coming close to luna headquarters . Flyers being handed out at major events come join us !!!!,TRUE,TG:,,,,,,,
