Title,Ticker Mention,Ticker Name
Squeeze potential,False,None
Why is no one talking about AMC in here anymore?,True,AMC
muddy boot Monday,False,None
"BCG taking out the ""trash""",True,BCG
Squeeze potential,False,None
"Take a look at GFAI, over 100% short float! High volume the last week. It‚Äôs getting ready üöÄ",False,None
Tilray rose 22.81% as the marijuana bill goes to vote. What should you do?,False,None
Batman taught Xi Jinping one thing...Vengeance,False,None
WISH huge benefits from Global Sex Toys Market with Impact of COVID-19 2020-2027: US Accounted for Over 28.9% of the Market Size in 2020.,True,WISH
"Half Price Books, Rockwall, TX. Anyone claim this brilliant piece of art?",True,TX.
One of us!üßê,False,None
Tilray rose 22.81% as the marijuana bill goes to vote. What should you do?,False,None
Helping is my priority cuz death close me and only God can keep me loving so I‚Äôll do my best to help the needs,False,None
Betting big on GME this week,True,GME
Men‚Äôs Underwear Index,False,None
Which one of you is this,False,None
Thoughts on Amazon stock,False,None
The men‚Äôs underwear index says a recession is near per Alan Greenspan.,False,None
Is anyone playing Sundial here? I‚Äôm new and don‚Äôt want to get suckered into a crap stock.,False,None
The pain is real,False,None
Can AMC realistically hit 100 soon? My wife thinks it‚Äôs impossible even with all the data but I‚Äôm convinced we will see 90/100 very soon.,True,AMC
It's a delight,False,None
$780B Berkshire‚Äôs website is üî•,True,$780B
What ticker is this?,False,None
It's Official. Western Electric is going to make Guitar Amplifier Tubes,False,None
It‚Äôs 6:52 pm,False,None
What do you think?,False,None
It's Official. Western Electric is going to make Guitar Amplifier Tubes,False,None
Nancy Pelosi is the greatest trader of all time.,False,None
Fellas what are your favourite ETF plays right now?,False,None
One step a day to financial literacy,False,None
TLRY looking great. It‚Äôs also a profitable company which has been expanding and buying up other profitable businesses. With legalization happening in Europe country by country and also South America. legalization coming around the corner for the US how is it that not everyone piling into this?,True,TLRY
"Apes on Teslas, haters on FootCherokees.",False,None
Short squeeze potential,False,None
"Wish, voted best shopping app. Finally wish is getting the recognition it deserves. Wish is ready for Monday morning and continuing to sneak up to $2.50-$3.",False,None
COIN calls?,True,COIN
"In this thread, pretend WallStreetBets exists, and it's mid-September 2008",False,None
"Alright, which one of you reatards is her current BF?",True,BF?
Parked on the National mall. A lot of people said I should‚Äôve bought a lambo. Wife‚Äôs boyfriend said I needed a third row to pick up his kids from soccer practice.,False,None
Someday you‚Äôll be able to reach autist status on r/fatfire,False,None
Stock Market Drop April 2022 Option Put Credit Spread SPX NOW,True,SPX
Looking at gamma levels for the upcoming expirations for $GME,True,$GME
"Alright, which one of you retards is her current BF?",True,BF?
Stock Market Drop APRIL 2022 Option Put Credit Spread SPX NOW,True,SPX
"You heard Alan boys, random underwear inspection starts Monday!",False,None
COINCIDENCE?!,False,None
The prophet has spoken,False,None
Place this on my watchlist and it run up. I wish it was liquid though.,False,None
WSB turned me into a junkie‚Ä¶I need rehab,False,None
GET THEM PUTS READY!!!!,True,GET
